{"cameraMode":{"drawMode":0,"name":"Shaded","section":"Shading Mode"},"sceneLighting":true,"audioPlay":false,"sceneViewState":{"showFog":true,"showMaterialUpdate":false,"showSkybox":true,"showFlares":true,"showImageEffects":true,"showParticleSystems":true},"in2DMode":false,"pivot":{"x":2.99399995803833,"y":0.0,"z":-2.997999906539917},"rotation":{"x":0.0009359628311358392,"y":0.9649050235748291,"z":-0.2626953423023224,"w":0.0034183217212557794},"size":9.47459888458252,"orthographic":true}