{"cameraMode":{"drawMode":0,"name":"Shaded","section":"Shading Mode"},"sceneLighting":true,"audioPlay":false,"sceneViewState":{"showFog":true,"showMaterialUpdate":false,"showSkybox":true,"showFlares":true,"showImageEffects":true,"showParticleSystems":true},"in2DMode":false,"pivot":{"x":-3.8836669921875,"y":6.296875,"z":4.2998046875},"rotation":{"x":0.4863371253013611,"y":-0.003931983839720488,"z":0.0021885137539356949,"w":0.8737611174583435},"size":13.486849784851075,"orthographic":true}