{"cameraMode":{"drawMode":0,"name":"Shaded","section":"Shading Mode"},"sceneLighting":false,"audioPlay":false,"sceneViewState":{"showFog":true,"showMaterialUpdate":false,"showSkybox":false,"showFlares":true,"showImageEffects":true,"showParticleSystems":true},"in2DMode":false,"pivot":{"x":-5.068350791931152,"y":2.462890625,"z":15.576904296875},"rotation":{"x":-0.7337406873703003,"y":0.0024439492262899877,"z":-0.002639415906742215,"w":-0.679429829120636},"size":9.5248441696167,"orthographic":true}