{"cameraMode":{"drawMode":0,"name":"Shaded","section":"Shading Mode"},"sceneLighting":false,"audioPlay":false,"sceneViewState":{"showFog":true,"showMaterialUpdate":false,"showSkybox":false,"showFlares":true,"showImageEffects":true,"showParticleSystems":true},"in2DMode":false,"pivot":{"x":1.536799430847168,"y":0.7999999523162842,"z":7.39759635925293},"rotation":{"x":0.532755434513092,"y":0.010154703631997109,"z":-0.006393378134816885,"w":0.8461845517158508},"size":19.370878219604493,"orthographic":true}