{"cameraMode":{"drawMode":0,"name":"Shaded","section":"Shading Mode"},"sceneLighting":false,"audioPlay":false,"sceneViewState":{"showFog":true,"showMaterialUpdate":false,"showSkybox":false,"showFlares":true,"showImageEffects":true,"showParticleSystems":true},"in2DMode":false,"pivot":{"x":20.582000732421876,"y":-4.421875,"z":67.4765625},"rotation":{"x":-0.4792617857456207,"y":0.0005242619081400335,"z":-0.00028582289814949036,"w":-0.877681314945221},"size":113.55693817138672,"orthographic":true}