{"cameraMode":{"drawMode":0,"name":"Shaded","section":"Shading Mode"},"sceneLighting":false,"audioPlay":false,"sceneViewState":{"showFog":true,"showMaterialUpdate":false,"showSkybox":false,"showFlares":true,"showImageEffects":true,"showParticleSystems":true},"in2DMode":false,"pivot":{"x":-12.067255020141602,"y":3.103515625,"z":1.3812255859375},"rotation":{"x":-0.6949251890182495,"y":-0.0006489052320830524,"z":0.0006278870860114694,"w":-0.7190920114517212},"size":14.561816215515137,"orthographic":true}