{"cameraMode":{"drawMode":0,"name":"Shaded","section":"Shading Mode"},"sceneLighting":true,"audioPlay":false,"sceneViewState":{"showFog":true,"showMaterialUpdate":false,"showSkybox":false,"showFlares":true,"showImageEffects":true,"showParticleSystems":true},"in2DMode":false,"pivot":{"x":-0.21320867538452149,"y":0.6054452657699585,"z":0.47812700271606448},"rotation":{"x":0.2332150638103485,"y":0.5804324150085449,"z":-0.17821267247200013,"w":0.7595722079277039},"size":1.591130018234253,"orthographic":false}