{"cameraMode":{"drawMode":0,"name":"Shaded","section":"Shading Mode"},"sceneLighting":false,"audioPlay":false,"sceneViewState":{"showFog":true,"showMaterialUpdate":false,"showSkybox":false,"showFlares":true,"showImageEffects":true,"showParticleSystems":true},"in2DMode":false,"pivot":{"x":64.51807403564453,"y":20.83396339416504,"z":57.81542205810547},"rotation":{"x":-0.4792617857456207,"y":0.0005242619081400335,"z":-0.00028582289814949036,"w":-0.877681314945221},"size":117.72468566894531,"orthographic":true}