{"cameraMode":{"drawMode":0,"name":"Shaded","section":"Shading Mode"},"sceneLighting":false,"audioPlay":false,"sceneViewState":{"showFog":true,"showMaterialUpdate":false,"showSkybox":false,"showFlares":true,"showImageEffects":true,"showParticleSystems":true},"in2DMode":false,"pivot":{"x":-0.0005666017532348633,"y":0.9811592102050781,"z":0.0},"rotation":{"x":0.21511408686637879,"y":0.027828477323055269,"z":-0.006132429465651512,"w":0.9761742949485779},"size":1.303564429283142,"orthographic":true}