{"cameraMode":{"drawMode":0,"name":"Shaded","section":"Shading Mode"},"sceneLighting":true,"audioPlay":false,"sceneViewState":{"showFog":true,"showMaterialUpdate":false,"showSkybox":true,"showFlares":true,"showImageEffects":true,"showParticleSystems":true},"in2DMode":false,"pivot":{"x":0.05179595947265625,"y":4.22802734375,"z":1.5283203125},"rotation":{"x":-0.4792617857456207,"y":0.0005242619081400335,"z":-0.00028582289814949036,"w":-0.877681314945221},"size":10.203792572021485,"orthographic":true}