{"cameraMode":{"drawMode":0,"name":"Shaded","section":"Shading Mode"},"sceneLighting":false,"audioPlay":false,"sceneViewState":{"showFog":true,"showMaterialUpdate":false,"showSkybox":false,"showFlares":true,"showImageEffects":true,"showParticleSystems":true},"in2DMode":false,"pivot":{"x":1.6861456632614136,"y":1.7409019470214844,"z":21.377471923828126},"rotation":{"x":-0.6708199977874756,"y":0.0015554837882518769,"z":-0.0014065501745790244,"w":-0.7416269183158875},"size":9.866518020629883,"orthographic":true}